{
    "dataset": "adult",
    "algorithm": "main",
    "config": {
        "data": {
            "cat_policy": "indices",
            "normalization": "quantile",
            "path": "data/adult"
        },
        "model": {
            "activation": "reglu",
            "attention_dropout": 0.2,
            "d_ffn_factor": 1.333333333333333,
            "d_token": 192,
            "ffn_dropout": 0.1,
            "initialization": "kaiming",
            "n_heads": 8,
            "n_layers": 3,
            "prenormalization": true,
            "residual_dropout": 0.0
        },
        "seed": 0,
        "training": {
            "batch_size": 256,
            "eval_batch_size": 8192,
            "lr": 0.0001,
            "lr_n_decays": 0,
            "n_epochs": 1000000000,
            "optimizer": "adamw",
            "patience": 16,
            "weight_decay": 1e-05
        }
    },
    "environment": {
        "devices": {
            "CUDA_VISIBLE_DEVICES": "0",
            "torch.version.cuda": "11.8",
            "torch.backends.cudnn.version()": 8700,
            "driver": "536.23",
            "0": {
                "name": "NVIDIA GeForce GTX 960",
                "total_memory": 4294967296
            }
        }
    },
    "epoch_size": 102,
    "n_parameters": 913531,
    "best_epoch": 11,
    "metrics": {
        "train": {
            "0": {
                "precision": 0.8974909694425461,
                "recall": 0.9297597977243995,
                "f1-score": 0.9133404535406473,
                "support": 19775
            },
            "1": {
                "precision": 0.750269687162891,
                "recall": 0.6652319464371115,
                "f1-score": 0.7051964512040557,
                "support": 6273
            },
            "accuracy": 0.8660549754299754,
            "macro avg": {
                "precision": 0.8238803283027185,
                "recall": 0.7974958720807555,
                "f1-score": 0.8092684523723515,
                "support": 26048
            },
            "weighted avg": {
                "precision": 0.862036458396006,
                "recall": 0.8660549754299754,
                "f1-score": 0.8632142508894864,
                "support": 26048
            },
            "roc_auc": 0.9248299426252983,
            "score": 0.8660549754299754
        },
        "val": {
            "0": {
                "precision": 0.8922598210812913,
                "recall": 0.9278058645096057,
                "f1-score": 0.909685734113215,
                "support": 4945
            },
            "1": {
                "precision": 0.7396061269146609,
                "recall": 0.6466836734693877,
                "f1-score": 0.6900306226607691,
                "support": 1568
            },
            "accuracy": 0.8601259020420697,
            "macro avg": {
                "precision": 0.8159329739979762,
                "recall": 0.7872447689894967,
                "f1-score": 0.799858178386992,
                "support": 6513
            },
            "weighted avg": {
                "precision": 0.8555085555426337,
                "recall": 0.8601259020420697,
                "f1-score": 0.8568039262278418,
                "support": 6513
            },
            "roc_auc": 0.9115849600709851,
            "score": 0.8601259020420697
        },
        "test": {
            "0": {
                "precision": 0.8930593253198914,
                "recall": 0.9260956976276639,
                "f1-score": 0.9092775365179628,
                "support": 12435
            },
            "1": {
                "precision": 0.7285883047844064,
                "recall": 0.641445657826313,
                "f1-score": 0.682245575221239,
                "support": 3846
            },
            "accuracy": 0.8588538787543762,
            "macro avg": {
                "precision": 0.810823815052149,
                "recall": 0.7837706777269884,
                "f1-score": 0.795761555869601,
                "support": 16281
            },
            "weighted avg": {
                "precision": 0.8542069486243888,
                "recall": 0.8588538787543762,
                "f1-score": 0.8556466217616703,
                "support": 16281
            },
            "roc_auc": 0.9125355227317254,
            "score": 0.8588538787543762
        }
    },
    "time": "0:34:03"
}
